id,imdb_id,status,fetched_at
76600,tt1630029,found,2026-03-24
677638,tt10474606,not_found,2026-03-24
706972,tt10342228,not_found,2026-03-24
245842,tt2328678,found,2026-03-24
280180,tt3083016,found,2026-03-24
294793,tt3706352,found,2026-03-24
680813,tt8430054,found,2026-03-24
682507,tt9411972,found,2026-03-24
299054,tt3291150,found,2026-03-24
335795,tt1447981,not_found,2026-03-24
337401,tt4566758,found,2026-03-24
683340,tt11976532,found,2026-03-24
696393,tt8879928,found,2026-03-24
759175,tt13406136,found,2026-03-24
342470,tt3907584,found,2026-03-24
353577,tt2183014,found,2026-03-24
698508,tt11365186,found,2026-03-24
365177,tt4978420,found,2026-03-24
366672,tt4428398,found,2026-03-24
385103,tt3152592,found,2026-03-24
385687,tt5433140,found,2026-03-24
704239,tt12610390,found,2026-03-24
707886,tt10714856,found,2026-03-24
671043,tt13079150,not_found,2026-03-24
412656,tt2076822,found,2026-03-24
423108,tt7069210,found,2026-03-24
425274,tt4712810,found,2026-03-24
712150,tt12105554,not_found,2026-03-24
718014,tt12573480,found,2026-03-24
718444,tt11576124,found,2026-03-24
429422,tt6199572,found,2026-03-24
436270,tt6443346,found,2026-03-24
438396,tt5827790,found,2026-03-24
724665,tt12718300,found,2026-03-24
726684,tt12816634,not_found,2026-03-24
760245,tt8258502,found,2026-03-24
441130,tt5198068,found,2026-03-24
727293,tt3108894,found,2026-03-24
451048,tt0870154,found,2026-03-24
453395,tt9419884,found,2026-03-24
454527,tt6823148,found,2026-03-24
457232,tt5533370,found,2026-03-24
644583,tt4761112,found,2026-03-24
631060,tt10962368,found,2026-03-24
671318,tt8928230,not_found,2026-03-24
459003,tt6685538,found,2026-03-24
467244,tt7160372,found,2026-03-24
470610,tt5723282,found,2026-03-24
625169,tt8482584,found,2026-03-24
671577,tt11760792,found,2026-03-24
482373,tt6246322,found,2026-03-24
491926,tt6914122,found,2026-03-24
493529,tt2906216,found,2026-03-24
496450,tt10364034,found,2026-03-24
678580,tt10886670,not_found,2026-03-24
657644,tt7268738,found,2026-03-24
646389,tt5884796,found,2026-03-24
500840,tt7939766,found,2026-03-24
760873,tt6506264,found,2026-03-24
761898,tt13424422,not_found,2026-03-24
505026,tt7657566,found,2026-03-24
646683,tt11240348,found,2026-03-24
660833,tt8953768,found,2026-03-24
667520,tt11958344,found,2026-03-24
910571,tt16304446,found,2026-03-24
476669,tt6856242,found,2026-03-24
505642,tt9114286,found,2026-03-24
507086,tt8041270,found,2026-03-24
669665,tt10798072,found,2026-03-24
912598,tt16360006,found,2026-03-24
507532,tt7991508,found,2026-03-24
508442,tt2948372,found,2026-03-24
508883,tt6587046,found,2026-03-24
768334,tt12877640,found,2026-03-24
731740,tt8747160,found,2026-03-24
673595,tt11898442,not_found,2026-03-24
315162,tt3915174,found,2026-03-24
511819,tt8399288,found,2026-03-24
512195,tt7991608,found,2026-03-24
514207,tt8060328,not_found,2026-03-24
516632,tt5867314,found,2026-03-24
365620,tt3758542,found,2026-03-24
516806,tt5153956,not_found,2026-03-24
517412,tt5259822,found,2026-03-24
734265,tt10752004,found,2026-03-24
763285,tt4998632,found,2026-03-24
959092,tt19319352,found,2026-03-24
520946,tt8774798,found,2026-03-24
765119,tt13610562,found,2026-03-24
466622,tt7134096,found,2026-03-24
477044,tt6910282,found,2026-03-24
522402,tt3420504,found,2026-03-24
379686,tt3554046,found,2026-03-24
435615,tt5918982,found,2026-03-24
438148,tt5113044,found,2026-03-24
522627,tt8367814,found,2026-03-24
523607,tt5535276,found,2026-03-24
523638,tt6372694,found,2026-03-24
524047,tt7737786,found,2026-03-24
454626,tt3794354,found,2026-03-24
736526,tt11116912,found,2026-03-24
524369,tt8110232,found,2026-03-24
527774,tt5109280,found,2026-03-24
529485,tt8544498,found,2026-03-24
481848,tt7504726,found,2026-03-24
497828,tt7322224,found,2026-03-24
531454,tt8580274,found,2026-03-24
532639,tt4593060,found,2026-03-24
533533,tt6604188,found,2026-03-24
507241,tt0327785,found,2026-03-24
513268,tt8179024,found,2026-03-24
533535,tt6263850,found,2026-03-24
536437,tt8080204,found,2026-03-24
539972,tt8790086,found,2026-03-24
516486,tt6048922,found,2026-03-24
519182,tt7510222,found,2026-03-24
542224,tt9086228,found,2026-03-24
547012,tt8647310,found,2026-03-24
520765,tt8116640,found,2026-03-24
531876,tt3833480,found,2026-03-24
550205,tt5562070,found,2026-03-24
550988,tt6264654,found,2026-03-24
552269,tt4651466,found,2026-03-24
532870,tt8656686,found,2026-03-24
536554,tt8760708,found,2026-03-24
539885,tt8784956,found,2026-03-24
552688,tt6968614,found,2026-03-24
554908,tt9147456,found,2026-03-24
555285,tt9185206,found,2026-03-24
545237,tt8338762,found,2026-03-24
545611,tt6710474,found,2026-03-24
770724,tt13051724,found,2026-03-24
771077,tt13531468,not_found,2026-03-24
772272,tt16085592,found,2026-03-24
864116,tt14412366,not_found,2026-03-24
548473,tt5073642,found,2026-03-24
967585,tt20424172,not_found,2026-03-24
560044,tt5206260,found,2026-03-24
560144,tt9387250,found,2026-03-24
565426,tt9354842,found,2026-03-24
551804,tt10919380,found,2026-03-24
968051,tt10160976,found,2026-03-24
566525,tt9376612,found,2026-03-24
567965,tt9148706,found,2026-03-24
567970,tt3111426,found,2026-03-24
568124,tt2953050,found,2026-03-24
560008,tt9179096,found,2026-03-24
568620,tt8404256,found,2026-03-24
571265,tt9507234,not_found,2026-03-24
572802,tt9663764,found,2026-03-24
869612,tt15342244,found,2026-03-24
873125,tt14270848,not_found,2026-03-24
574060,tt8368408,found,2026-03-24
575264,tt9603212,found,2026-03-24
575291,tt10441958,found,2026-03-24
576784,tt11390180,not_found,2026-03-24
557950,tt9224288,found,2026-03-24
775996,tt10451914,found,2026-03-24
912908,tt15153532,found,2026-03-24
776503,tt10366460,found,2026-03-24
576920,tt10525672,found,2026-03-24
736732,tt13056052,found,2026-03-24
577922,tt6723592,found,2026-03-24
578701,tt3215824,found,2026-03-24
870028,tt7068946,found,2026-03-24
579741,tt12735338,found,2026-03-24
579828,tt11815960,not_found,2026-03-24
580489,tt7097896,found,2026-03-24
581032,tt6878306,found,2026-03-24
581600,tt8629748,found,2026-03-24
913673,tt14537248,found,2026-03-24
978592,tt8542964,found,2026-03-24
870360,tt15352542,found,2026-03-24
872954,tt8593824,found,2026-03-24
582596,tt9619798,found,2026-03-24
569094,tt9362722,found,2026-03-24
876792,tt15467380,found,2026-03-24
582923,tt7766886,found,2026-03-24
878361,tt12226632,found,2026-03-24
585244,tt9779516,found,2026-03-24
586047,tt13316722,not_found,2026-03-24
586791,tt9735470,found,2026-03-24
985939,tt15325794,found,2026-03-24
780382,tt10945288,found,2026-03-24
782760,tt11246434,not_found,2026-03-24
783675,tt15242330,found,2026-03-24
881462,tt15654800,found,2026-03-24
580532,tt9731682,found,2026-03-24
589612,tt7698468,found,2026-03-24
602063,tt11809034,found,2026-03-24
588182,tt10262648,found,2026-03-24
590854,tt9506474,found,2026-03-24
587807,tt1361336,found,2026-03-24
736918,tt13007592,found,2026-03-24
592279,tt11547520,not_found,2026-03-24
592834,tt8242084,found,2026-03-24
593910,tt10155932,found,2026-03-24
594328,tt1817232,found,2026-03-24
593402,tt10413566,not_found,2026-03-24
602147,tt7923220,found,2026-03-24
601666,tt9893250,found,2026-03-24
595671,tt7772582,found,2026-03-24
597208,tt7740496,found,2026-03-24
597316,tt10101702,found,2026-03-24
602269,tt10016180,found,2026-03-24
604079,tt10374610,found,2026-03-24
787298,tt13846542,found,2026-03-24
598331,tt8337158,found,2026-03-24
600479,tt9209312,not_found,2026-03-24
604822,tt9695722,found,2026-03-24
607430,tt10451852,found,2026-03-24
601470,tt9115530,found,2026-03-24
602211,tt10310140,found,2026-03-24
602334,tt9714030,found,2026-03-24
603119,tt7149730,found,2026-03-24
603692,tt10366206,found,2026-03-24
604578,tt5774062,found,2026-03-24
604685,tt8008948,found,2026-03-24
613335,tt12847352,not_found,2026-03-24
605735,tt10251538,not_found,2026-03-24
605886,tt10275534,found,2026-03-24
606625,tt8160834,found,2026-03-24
614420,tt10803866,not_found,2026-03-24
617762,tt10687506,found,2026-03-24
606679,tt9308382,found,2026-03-24
608195,tt6508228,found,2026-03-24
616251,tt2140571,found,2026-03-24
609242,tt10948718,not_found,2026-03-24
792307,tt14230458,found,2026-03-24
793998,tt13880104,found,2026-03-24
567189,tt0499097,found,2026-03-24
609972,tt10515988,found,2026-03-24
618344,tt11079148,found,2026-03-24
619297,tt10731768,found,2026-03-24
560391,tt4558376,found,2026-03-24
611359,tt8672856,found,2026-03-24
621707,tt10793644,found,2026-03-24
623511,tt12753120,found,2026-03-24
628866,tt8429394,not_found,2026-03-24
614934,tt3704428,found,2026-03-24
613377,tt11206302,not_found,2026-03-24
613911,tt10333426,found,2026-03-24
629176,tt5500218,found,2026-03-24
630586,tt9110170,found,2026-03-24
614479,tt13405778,found,2026-03-24
614930,tt8589698,found,2026-03-24
614939,tt9731598,found,2026-03-24
631843,tt10954652,found,2026-03-24
643586,tt8114980,found,2026-03-24
615173,tt13721828,not_found,2026-03-24
615656,tt9224104,found,2026-03-24
615658,tt10418662,found,2026-03-24
615666,tt10187208,found,2026-03-24
615684,tt10551904,found,2026-03-24
646097,tt11301886,found,2026-03-24
656663,tt11466222,found,2026-03-24
659699,tt10627352,found,2026-03-24
574089,tt9536836,not_found,2026-03-24
615761,tt11617052,found,2026-03-24
616446,tt9860566,found,2026-03-24
653756,tt11394298,found,2026-03-24
664341,tt5198890,found,2026-03-24
797838,tt4061620,found,2026-03-24
798286,tt13521006,found,2026-03-24
660609,tt9261218,found,2026-03-24
669664,tt11013434,found,2026-03-24
618355,tt10985510,found,2026-03-24
618588,tt10720352,found,2026-03-24
619803,tt15838850,found,2026-03-24
621587,tt10767052,found,2026-03-24
622855,tt7736496,found,2026-03-24
667257,tt10032342,not_found,2026-03-24
668482,tt3447590,found,2026-03-24
673593,tt11762114,found,2026-03-24
621749,tt10651850,not_found,2026-03-24
624860,tt10838180,found,2026-03-24
626332,tt8105234,found,2026-03-24
693113,tt11656220,found,2026-03-24
701387,tt12300742,found,2026-03-24
616803,tt10081762,found,2026-03-24
627290,tt10065694,found,2026-03-24
628333,tt6842770,found,2026-03-24
695721,tt10545296,found,2026-03-24
799546,tt4595186,found,2026-03-24
993784,tt21188080,found,2026-03-24
800345,tt21237030,found,2026-03-24
698128,tt9005184,found,2026-03-24
629017,tt11456054,found,2026-03-24
630392,tt9907782,found,2026-03-24
631132,tt11151982,not_found,2026-03-24
632309,tt9612982,not_found,2026-03-24
703745,tt11946300,found,2026-03-24
724495,tt8093700,found,2026-03-24
726139,tt25808194,not_found,2026-03-24
632617,tt10986222,found,2026-03-24
633515,tt10521092,found,2026-03-24
635910,tt1001520,found,2026-03-24
710295,tt4216984,found,2026-03-24
714869,tt10405142,not_found,2026-03-24
717634,tt9392374,found,2026-03-24
959604,tt27490099,found,2026-03-24
637534,tt10404944,found,2026-03-24
637649,tt11083552,found,2026-03-24
718633,tt8310474,found,2026-03-24
721625,tt12592252,found,2026-03-24
801965,tt12311620,found,2026-03-24
639720,tt11152168,found,2026-03-24
728118,tt8633462,found,2026-03-24
640561,tt8076110,not_found,2026-03-24
641501,tt10345590,found,2026-03-24
642885,tt11909878,found,2026-03-24
643882,tt11199410,found,2026-03-24
588367,tt10023286,found,2026-03-24
644089,tt11121664,found,2026-03-24
730769,tt12887770,found,2026-03-24
644092,tt10332588,found,2026-03-24
644831,tt10334148,found,2026-03-24
588921,tt6570098,not_found,2026-03-24
739405,tt7985704,found,2026-03-24
645788,tt6079772,found,2026-03-24
646385,tt11245972,found,2026-03-24
647250,tt11040844,found,2026-03-24
648579,tt11291274,found,2026-03-24
739986,tt2353868,found,2026-03-24
802219,tt8521778,found,2026-03-24
649609,tt11358390,found,2026-03-24
650783,tt5420210,found,2026-03-24
651070,tt11390036,found,2026-03-24
740952,tt13055982,not_found,2026-03-24
803694,tt15403712,found,2026-03-24
803796,tt14205554,found,2026-03-24
804095,tt14208870,found,2026-03-24
740985,tt13143964,found,2026-03-24
744857,tt16300962,found,2026-03-24
755339,tt13354204,not_found,2026-03-24
653346,tt11389872,found,2026-03-24
653664,tt9058654,found,2026-03-24
653851,tt7693316,found,2026-03-24
656563,tt10329566,not_found,2026-03-24
745608,tt13639204,not_found,2026-03-24
746131,tt12708658,found,2026-03-24
658760,tt9806322,not_found,2026-03-24
747687,tt10345782,found,2026-03-24
749170,tt13357520,found,2026-03-24
660120,tt10370710,found,2026-03-24
661804,tt10880402,found,2026-03-24
661950,tt10192566,found,2026-03-24
754067,tt10945274,not_found,2026-03-24
756681,tt12412166,found,2026-03-24
1000938,tt21149522,not_found,2026-03-24
662546,tt11681250,found,2026-03-24
663712,tt10403420,found,2026-03-24
758009,tt9686790,found,2026-03-24
663866,tt10329614,found,2026-03-24
663870,tt11655202,found,2026-03-24
664300,tt11317142,found,2026-03-24
759054,tt11242162,found,2026-03-24
762509,tt13186482,found,2026-03-24
763164,tt13265876,found,2026-03-24
664767,tt9580138,found,2026-03-24
666243,tt11657662,found,2026-03-24
666622,tt11847972,not_found,2026-03-24
668461,tt13320662,found,2026-03-24
760161,tt11851548,found,2026-03-24
760747,tt13109952,found,2026-03-24
914206,tt14407336,found,2026-03-24
668640,tt11700260,found,2026-03-24
670243,tt10545704,not_found,2026-03-24
672322,tt11991748,not_found,2026-03-24
762430,tt6906292,found,2026-03-24
762504,tt10954984,found,2026-03-24
614696,tt10620868,not_found,2026-03-24
672582,tt11686490,found,2026-03-24
674607,tt10307440,found,2026-03-24
675531,tt9204328,found,2026-03-24
677179,tt11145118,found,2026-03-24
763165,tt5648882,found,2026-03-24
1010823,tt21316870,not_found,2026-03-24
675353,tt12412888,found,2026-03-24
763329,tt13453006,found,2026-03-24
766475,tt13640696,found,2026-03-24
766798,tt12618926,found,2026-03-24
680058,tt9098872,found,2026-03-24
680531,tt11681282,found,2026-03-24
681887,tt11762434,found,2026-03-24
685691,tt14176542,found,2026-03-24
689723,tt10183816,found,2026-03-24
691683,tt6705162,found,2026-03-24
694254,tt14025788,not_found,2026-03-24
694919,tt7286966,found,2026-03-24
696506,tt12299608,found,2026-03-24
768362,tt10855768,found,2026-03-24
769749,tt8760280,found,2026-03-24
608804,tt10605812,not_found,2026-03-24
697843,tt12263384,found,2026-03-24
698948,tt12262116,found,2026-03-24
705996,tt12477480,found,2026-03-24
774370,tt10954718,found,2026-03-24
611213,tt10161886,found,2026-03-24
707103,tt12374656,found,2026-03-24
711017,tt11081050,found,2026-03-24
713364,tt23060698,found,2026-03-24
774531,tt5177114,found,2026-03-24
715931,tt12530246,found,2026-03-24
716594,tt13507778,found,2026-03-24
774752,tt13623136,found,2026-03-24
718930,tt12593682,found,2026-03-24
720755,tt8980602,found,2026-03-24
722149,tt3155298,found,2026-03-24
723347,tt12579470,found,2026-03-24
725201,tt1649418,found,2026-03-24
776821,tt11892272,not_found,2026-03-24
777245,tt13669038,found,2026-03-24
671295,tt7084386,found,2026-03-24
726739,tt12745164,found,2026-03-24
777270,tt12789558,found,2026-03-24
778855,tt12532368,not_found,2026-03-24
727745,tt12783454,found,2026-03-24
729854,tt13086266,found,2026-03-24
732670,tt12885438,not_found,2026-03-24
1014590,tt21830902,found,2026-03-24
735697,tt13145534,found,2026-03-24
736500,tt12847680,not_found,2026-03-24
1022690,tt1660648,found,2026-03-24
738646,tt13236566,found,2026-03-24
739993,tt12141112,found,2026-03-24
740460,tt13460190,not_found,2026-03-24
740937,tt13389730,not_found,2026-03-24
1029119,tt22184976,not_found,2026-03-24
741067,tt10804786,found,2026-03-24
741228,tt13061914,found,2026-03-24
744275,tt13069986,found,2026-03-24
744276,tt13070038,not_found,2026-03-24
1029575,tt16431870,found,2026-03-24
1026227,tt21800162,found,2026-03-24
745376,tt4181158,found,2026-03-24
745881,tt13446168,found,2026-03-24
746333,tt13774454,not_found,2026-03-24
748167,tt13186604,found,2026-03-24
1029281,tt22375054,found,2026-03-24
1033148,tt9362736,found,2026-03-24
748783,tt5779228,found,2026-03-24
749645,tt11738830,found,2026-03-24
811656,tt4624366,found,2026-03-24
752623,tt13320622,found,2026-03-24
1034541,tt27911000,found,2026-03-24
1038263,tt22893404,found,2026-03-24
753342,tt13287846,found,2026-03-24
755437,tt12443220,not_found,2026-03-24
779782,tt2935622,found,2026-03-24
757725,tt11092020,found,2026-03-24
1043905,tt23872640,found,2026-03-24
1045938,tt23476986,found,2026-03-24
758336,tt10276482,found,2026-03-24
813477,tt14379088,found,2026-03-24
634492,tt11057302,found,2026-03-24
785398,tt19652910,found,2026-03-24
1045770,tt23476446,found,2026-03-24
1051891,tt23778968,found,2026-03-24
1058694,tt14570440,found,2026-03-24
814776,tt17527468,found,2026-03-24
816952,tt7830806,found,2026-03-24
1048241,tt12930350,found,2026-03-24
785516,tt13834006,not_found,2026-03-24
818397,tt11827628,found,2026-03-24
819876,tt14549466,found,2026-03-24
820446,tt11703710,found,2026-03-24
820697,tt13391708,found,2026-03-24
822119,tt14513804,found,2026-03-24
1053544,tt22016156,not_found,2026-03-24
1056360,tt23561236,found,2026-03-24
823452,tt1856080,found,2026-03-24
823610,tt8456190,not_found,2026-03-24
1059128,tt24176060,found,2026-03-24
823766,tt9288822,found,2026-03-24
823999,tt15307230,not_found,2026-03-24
825997,tt13067292,not_found,2026-03-24
826914,tt14602326,found,2026-03-24
827931,tt14857528,found,2026-03-24
828853,tt18258584,not_found,2026-03-24
829557,tt12996154,not_found,2026-03-24
1061474,tt5950044,found,2026-03-24
1071215,tt1448754,found,2026-03-24
830788,tt12873562,found,2026-03-24
832964,tt5112584,found,2026-03-24
1061990,tt24478470,found,2026-03-24
835113,tt7737800,found,2026-03-24
841755,tt14901058,found,2026-03-24
838209,tt27802490,found,2026-03-24
838330,tt14814040,found,2026-03-24
1062722,tt1312221,found,2026-03-24
1064486,tt23770030,found,2026-03-24
840098,tt14575898,not_found,2026-03-24
840464,tt14850054,found,2026-03-24
842544,tt14873054,found,2026-03-24
1069905,tt30446847,found,2026-03-24
843527,tt9466114,found,2026-03-24
843932,tt10931784,found,2026-03-24
845781,tt14948432,found,2026-03-24
1071806,tt22695402,found,2026-03-24
1075175,tt22890246,found,2026-03-24
846778,tt14967618,found,2026-03-24
846956,tt9731386,found,2026-03-24
848326,tt14998742,found,2026-03-24
848538,tt15009428,found,2026-03-24
1075794,tt5755238,found,2026-03-24
851303,tt11310608,found,2026-03-24
852096,tt7798604,found,2026-03-24
854239,tt4960748,found,2026-03-24
858017,tt15574270,found,2026-03-24
859235,tt15140278,found,2026-03-24
1079091,tt10655524,found,2026-03-24
862557,tt8051894,found,2026-03-24
49046,tt1016150,found,2026-03-24
640344,tt11559652,not_found,2026-03-24
862965,tt15255876,found,2026-03-24
298618,tt0439572,found,2026-03-24
338953,tt4123432,found,2026-03-24
338958,tt1596342,found,2026-03-24
359410,tt3359350,found,2026-03-24
396194,tt3031654,found,2026-03-24
413846,tt4959750,found,2026-03-24
426063,tt5040012,found,2026-03-24
436969,tt6334354,found,2026-03-24
1081676,tt26596953,not_found,2026-03-24
785542,tt11687002,found,2026-03-24
438695,tt6467266,found,2026-03-24
447362,tt6598238,not_found,2026-03-24
449756,tt4106514,found,2026-03-24
457335,tt6902676,found,2026-03-24
646593,tt9689696,found,2026-03-24
787699,tt6166392,found,2026-03-24
788977,tt15452062,found,2026-03-24
460458,tt6920084,found,2026-03-24
475430,tt3089630,found,2026-03-24
498402,tt9735462,found,2026-03-24
501929,tt7979580,found,2026-03-24
503736,tt0993840,found,2026-03-24
505379,tt2235695,found,2026-03-24
511817,tt5181830,found,2026-03-24
508947,tt8097030,found,2026-03-24
514847,tt8244784,found,2026-03-24
514593,tt8201852,found,2026-03-24
517088,tt4995540,found,2026-03-24
520172,tt8522006,found,2026-03-24
464052,tt7126948,found,2026-03-24
466420,tt5537002,found,2026-03-24
522016,tt8356942,found,2026-03-24
522406,tt8372094,found,2026-03-24
526896,tt5108870,found,2026-03-24
527400,tt5714470,found,2026-03-24
531219,tt0805647,found,2026-03-24
511809,tt3581652,found,2026-03-24
539617,tt3824648,found,2026-03-24
541724,tt14034614,found,2026-03-24
549509,tt8999762,found,2026-03-24
550231,tt4411584,found,2026-03-24
552524,tt11655566,found,2026-03-24
556678,tt9214832,found,2026-03-24
556867,tt7737640,found,2026-03-24
556984,tt1070874,found,2026-03-24
558582,tt9231040,found,2026-03-24
558915,tt1200263,found,2026-03-24
566076,tt8521718,found,2026-03-24
567690,tt9357050,found,2026-03-24
573730,tt10068916,not_found,2026-03-24
574475,tt9619824,found,2026-03-24
615777,tt10640346,found,2026-03-24
575463,tt9288726,found,2026-03-24
522931,tt8385148,found,2026-03-24
579047,tt3272066,found,2026-03-24
571785,tt11777040,found,2026-03-24
581389,tt12838766,found,2026-03-24
581644,tt4876134,found,2026-03-24
615904,tt10223460,found,2026-03-24
581734,tt9770150,found,2026-03-24
583083,tt9784456,found,2026-03-24
585083,tt9848626,found,2026-03-24
586810,tt26915336,found,2026-03-24
587130,tt9182964,found,2026-03-24
588009,tt9616700,not_found,2026-03-24
1083862,tt26674627,found,2026-03-24
589761,tt10648714,not_found,2026-03-24
591274,tt9701940,found,2026-03-24
592863,tt2452150,found,2026-03-24
595148,tt9076562,found,2026-03-24
595813,tt3797512,found,2026-03-24
597890,tt9664108,found,2026-03-24
597922,tt10268488,found,2026-03-24
613370,tt10557524,not_found,2026-03-24
599521,tt9766166,found,2026-03-24
600583,tt10293406,found,2026-03-24
614427,tt10342250,not_found,2026-03-24
571468,tt7270808,found,2026-03-24
571648,tt9747594,found,2026-03-24
608317,tt8478554,found,2026-03-24
610253,tt10665338,found,2026-03-24
610290,tt8179470,not_found,2026-03-24
611698,tt9685342,found,2026-03-24
614409,tt10676012,found,2026-03-24
614560,tt10618286,found,2026-03-24
615457,tt7888964,found,2026-03-24
615678,tt10121392,found,2026-03-24
1084199,tt26584495,found,2026-03-24
616747,tt1695843,found,2026-03-24
617505,tt10682266,found,2026-03-24
617653,tt4244994,found,2026-03-24
621870,tt10324122,found,2026-03-24
624484,tt10948820,not_found,2026-03-24
625568,tt10059518,found,2026-03-24
717980,tt12573454,found,2026-03-24
628900,tt10323676,found,2026-03-24
628917,tt9059704,found,2026-03-24
632322,tt8305852,found,2026-03-24
632727,tt11755740,found,2026-03-24
634528,tt6902332,found,2026-03-24
635302,tt11032374,found,2026-03-24
637157,tt10540242,found,2026-03-24
638974,tt15255288,found,2026-03-24
639933,tt11138512,found,2026-03-24
640146,tt10954600,found,2026-03-24
588228,tt9777666,found,2026-03-24
588648,tt7093904,found,2026-03-24
645710,tt11235772,found,2026-03-24
649394,tt8009744,found,2026-03-24
651881,tt10196398,found,2026-03-24
652962,tt10515926,found,2026-03-24
654974,tt11012066,found,2026-03-24
612706,tt10276470,found,2026-03-24
655082,tt10366514,found,2026-03-24
656690,tt11464826,found,2026-03-24
660982,tt11771594,found,2026-03-24
660000,tt10505316,found,2026-03-24
661231,tt1879016,found,2026-03-24
613093,tt10127708,not_found,2026-03-24
664413,tt10886166,not_found,2026-03-24
667216,tt10365998,found,2026-03-24
613096,tt9359344,not_found,2026-03-24
667538,tt5090568,found,2026-03-24
670292,tt11858890,found,2026-03-24
673174,tt7304824,found,2026-03-24
787781,tt13405810,found,2026-03-24
788734,tt18816518,found,2026-03-24
790523,tt14361314,not_found,2026-03-24
790496,tt14033502,found,2026-03-24
791155,tt14001894,found,2026-03-24
799497,tt14111726,not_found,2026-03-24
796185,tt12672536,found,2026-03-24
801071,tt12764628,not_found,2026-03-24
802443,tt7897330,not_found,2026-03-24
795514,tt11847410,found,2026-03-24
732450,tt12885852,found,2026-03-24
796499,tt13024674,found,2026-03-24
799379,tt15575470,found,2026-03-24
799583,tt5177120,found,2026-03-24
800301,tt13430858,found,2026-03-24
714375,tt11057594,found,2026-03-24
800425,tt14124268,found,2026-03-24
800510,tt14128670,found,2026-03-24
800937,tt5315212,found,2026-03-24
801112,tt14137416,found,2026-03-24
804413,tt14813212,found,2026-03-24
806368,tt14458442,found,2026-03-24
702936,tt12305696,not_found,2026-03-24
732459,tt12610794,not_found,2026-03-24
807172,tt12921446,found,2026-03-24
807356,tt12004038,found,2026-03-24
805320,tt14400246,found,2026-03-24
703451,tt12823454,found,2026-03-24
811596,tt12264966,found,2026-03-24
811941,tt11821912,found,2026-03-24
812583,tt14364480,found,2026-03-24
808396,tt14270702,found,2026-03-24
809140,tt14439896,found,2026-03-24
810693,tt14331144,found,2026-03-24
814338,tt14369780,found,2026-03-24
816904,tt23177868,not_found,2026-03-24
816977,tt14502344,found,2026-03-24
820525,tt15334488,not_found,2026-03-24
826510,tt1609486,found,2026-03-24
829165,tt12754776,not_found,2026-03-24
829280,tt14641788,found,2026-03-24
817648,tt14592064,found,2026-03-24
38700,tt1502397,found,2026-03-24
818647,tt14463484,not_found,2026-03-24
820912,tt13456318,found,2026-03-24
823482,tt21942866,found,2026-03-24
831946,tt14174940,found,2026-03-24
829560,tt21106646,not_found,2026-03-24
830784,tt14668630,found,2026-03-24
832262,tt20256448,found,2026-03-24
833417,tt13269580,found,2026-03-24
837335,tt14561712,found,2026-03-24
838197,tt14845950,not_found,2026-03-24
833425,tt7550014,found,2026-03-24
718032,tt11271038,found,2026-03-24
840430,tt14849194,found,2026-03-24
842924,tt12908150,found,2026-03-24
845875,tt11369540,not_found,2026-03-24
846250,tt15218000,found,2026-03-24
839033,tt14824600,found,2026-03-24
843380,tt14895206,found,2026-03-24
843906,tt14903892,not_found,2026-03-24
844185,tt14914430,found,2026-03-24
845111,tt12672620,found,2026-03-24
850028,tt11687104,found,2026-03-24
722913,tt12676326,found,2026-03-24
852445,tt17569526,not_found,2026-03-24
858815,tt13729220,found,2026-03-24
866346,tt14827638,found,2026-03-24
866413,tt14826022,found,2026-03-24
869025,tt15334032,found,2026-03-24
850165,tt21064584,found,2026-03-24
860159,tt15096128,found,2026-03-24
864168,tt15268244,found,2026-03-24
864692,tt12844910,found,2026-03-24
866463,tt13274016,found,2026-03-24
1085218,tt20204996,not_found,2026-03-24
1087891,tt0899043,found,2026-03-24
875828,tt15574124,not_found,2026-03-24
877703,tt15486810,found,2026-03-24
884971,tt13399946,not_found,2026-03-24
889699,tt18550140,found,2026-03-24
872585,tt15398776,found,2026-03-24
872709,tt15471560,found,2026-03-24
1094138,tt26940324,found,2026-03-24
882059,tt13923084,found,2026-03-24
893369,tt21249808,not_found,2026-03-24
879444,tt9669176,found,2026-03-24
1094556,tt26943420,not_found,2026-03-24
881164,tt2560078,found,2026-03-24
882569,tt4873118,found,2026-03-24
884605,tt15671028,found,2026-03-24
1097870,tt2396431,found,2026-03-24
1100988,tt10548174,found,2026-03-24
5492,tt12598606,not_found,2026-03-24
13494,tt0800175,found,2026-03-24
889675,tt15768848,found,2026-03-24
893941,tt13936582,not_found,2026-03-24
83533,tt1757678,found,2026-03-24
257094,tt3045628,found,2026-03-24
1102493,tt27196021,found,2026-03-24
1154762,tt28491891,found,2026-03-24
894205,tt15318872,found,2026-03-24
896536,tt8866456,found,2026-03-24
283566,tt2458948,found,2026-03-24
1103621,tt31392609,found,2026-03-24
296271,tt9663168,found,2026-03-24
890980,tt13229894,not_found,2026-03-24
335977,tt1462764,found,2026-03-24
1106289,tt30445556,found,2026-03-24
301502,tt1655389,found,2026-03-24
1106739,tt27403986,found,2026-03-24
1109306,tt23769946,not_found,2026-03-24
900667,tt16183464,found,2026-03-24
324544,tt4419684,found,2026-03-24
335787,tt1464335,found,2026-03-24
337404,tt3228774,found,2026-03-24
892153,tt15831226,not_found,2026-03-24
1109255,tt23853982,found,2026-03-24
338762,tt1634106,found,2026-03-24
338947,tt0887261,found,2026-03-24
347626,tt4590256,found,2026-03-24
338969,tt1633359,found,2026-03-24
893723,tt15837338,found,2026-03-24
339095,tt1552211,found,2026-03-24
340102,tt4682266,found,2026-03-24
346687,tt4779326,found,2026-03-24
346698,tt1517268,found,2026-03-24
361743,tt1745960,found,2026-03-24
385128,tt5433138,found,2026-03-24
895001,tt15850662,not_found,2026-03-24
897429,tt9603082,not_found,2026-03-24
898713,tt14160834,found,2026-03-24
370172,tt2382320,found,2026-03-24
898673,tt16252698,found,2026-03-24
899112,tt12003946,found,2026-03-24
906221,tt16280138,found,2026-03-24
382748,tt4858674,found,2026-03-24
399566,tt5034838,found,2026-03-24
400160,tt4823776,found,2026-03-24
911129,tt14995258,not_found,2026-03-24
402431,tt1262426,found,2026-03-24
406759,tt5834426,found,2026-03-24
414906,tt1877830,found,2026-03-24
420808,tt5635026,found,2026-03-24
1114894,tt9603060,found,2026-03-24
420821,tt3513500,found,2026-03-24
423333,tt11389748,found,2026-03-24
424277,tt6217926,found,2026-03-24
425909,tt4513678,found,2026-03-24
520023,tt8110652,found,2026-03-24
425001,tt4532038,found,2026-03-24
429473,tt5315210,found,2026-03-24
430155,tt6087226,not_found,2026-03-24
447273,tt6208148,found,2026-03-24
916605,tt15275256,found,2026-03-24
437342,tt5672290,found,2026-03-24
438631,tt1160419,found,2026-03-24
925102,tt16953666,found,2026-03-24
595586,tt10192406,found,2026-03-24
442065,tt0783640,found,2026-03-24
443791,tt5774060,found,2026-03-24
446893,tt6587640,found,2026-03-24
447277,tt5971474,found,2026-03-24
447365,tt6791350,found,2026-03-24
1115395,tt27578157,found,2026-03-24
448119,tt6673612,found,2026-03-24
449406,tt6338498,found,2026-03-24
455476,tt6528290,found,2026-03-24
451184,tt6760876,found,2026-03-24
454433,tt3979300,found,2026-03-24
474764,tt7347846,found,2026-03-24
915935,tt17009710,found,2026-03-24
926670,tt7787524,not_found,2026-03-24
457332,tt6879446,found,2026-03-24
458220,tt6857376,found,2026-03-24
929170,tt16491324,found,2026-03-24
458576,tt6475714,found,2026-03-24
459151,tt6932874,found,2026-03-24
460465,tt0293429,found,2026-03-24
467909,tt1321510,found,2026-03-24
937278,tt7405458,found,2026-03-24
468225,tt5164438,found,2026-03-24
471498,tt6341832,found,2026-03-24
477462,tt12390572,found,2026-03-24
934433,tt17663992,found,2026-03-24
479259,tt0920462,found,2026-03-24
480857,tt6017756,found,2026-03-24
482321,tt7504818,found,2026-03-24
484718,tt6802400,found,2026-03-24
489326,tt5715066,found,2026-03-24
936108,tt18069420,found,2026-03-24
492008,tt7035004,found,2026-03-24
492611,tt7510346,found,2026-03-24
495764,tt7713068,found,2026-03-24
497582,tt7846844,found,2026-03-24
941109,tt18392014,found,2026-03-24
497698,tt3480822,found,2026-03-24
499932,tt7395114,found,2026-03-24
501979,tt1086064,found,2026-03-24
502033,tt5363618,found,2026-03-24
502356,tt6718170,found,2026-03-24
502425,tt5797184,found,2026-03-24
504827,tt7466442,found,2026-03-24
1120911,tt27657135,found,2026-03-24
505225,tt7456312,found,2026-03-24
1125257,tt31956415,found,2026-03-24
507441,tt2716382,found,2026-03-24
506281,tt9738716,found,2026-03-24
1125510,tt27729779,found,2026-03-24
507089,tt4589218,found,2026-03-24
1134055,tt13039008,not_found,2026-03-24
1139829,tt28066777,found,2026-03-24
1155058,tt32627540,found,2026-03-24
507244,tt1210027,not_found,2026-03-24
508439,tt7146812,found,2026-03-24
1139087,tt28035641,not_found,2026-03-24
508570,tt3661394,found,2026-03-24
508935,tt7294150,found,2026-03-24
508943,tt12801262,found,2026-03-24
513692,tt8165192,found,2026-03-24
509635,tt7711170,found,2026-03-24
1147400,tt29259099,not_found,2026-03-24
512025,tt8150814,found,2026-03-24
1149381,tt28290233,not_found,2026-03-24
513310,tt7638348,found,2026-03-24
1151039,tt28309594,found,2026-03-24
515454,tt7026488,found,2026-03-24
516329,tt7740510,found,2026-03-24
1155089,tt29195117,found,2026-03-24
1171145,tt32430579,found,2026-03-24
1175942,tt30017619,found,2026-03-24
516729,tt5822536,found,2026-03-24
517096,tt7176054,not_found,2026-03-24
517302,tt12519030,found,2026-03-24
1160018,tt28259207,found,2026-03-24
1160360,tt18382850,found,2026-03-24
518896,tt7375466,found,2026-03-24
1168190,tt33046197,found,2026-03-24
1184918,tt29623480,found,2026-03-24
520663,tt6111574,found,2026-03-24
1180629,tt27367464,found,2026-03-24
1195631,tt22478818,found,2026-03-24
520725,tt8335482,found,2026-03-24
520758,tt8337264,found,2026-03-24
520763,tt8332922,found,2026-03-24
521007,tt7178640,found,2026-03-24
1186532,tt26731216,found,2026-03-24
1208348,tt14142060,found,2026-03-24
521034,tt2702920,found,2026-03-24
522098,tt8399664,found,2026-03-24
522241,tt8368512,found,2026-03-24
522444,tt7978672,found,2026-03-24
1196573,tt27986457,found,2026-03-24
1197306,tt9150192,found,2026-03-24
522478,tt8376234,found,2026-03-24
522927,tt3696180,found,2026-03-24
1130276,tt13778486,not_found,2026-03-24
523781,tt8045906,found,2026-03-24
1209288,tt30150907,found,2026-03-24
1210732,tt33984333,not_found,2026-03-24
523936,tt5752192,found,2026-03-24
523977,tt6841122,found,2026-03-24
524216,tt7781432,found,2026-03-24
524434,tt9032400,found,2026-03-24
1211472,tt28082769,found,2026-03-24
526019,tt7545266,found,2026-03-24
526702,tt8484160,found,2026-03-24
546724,tt8058874,found,2026-03-24
526007,tt7979142,found,2026-03-24
527660,tt8949056,found,2026-03-24
1212142,tt30253036,found,2026-03-24
528085,tt1918734,found,2026-03-24
1228246,tt30274401,found,2026-03-24
529106,tt7601480,not_found,2026-03-24
529203,tt2850386,found,2026-03-24
531499,tt8461224,found,2026-03-24
532408,tt3427252,found,2026-03-24
1214931,tt29567915,found,2026-03-24
1220564,tt27847051,found,2026-03-24
1232546,tt30955489,found,2026-03-24
541524,tt8893974,found,2026-03-24
532710,tt1798632,found,2026-03-24
1233413,tt31193180,found,2026-03-24
1234731,tt33244668,found,2026-03-24
532865,tt3661210,found,2026-03-24
533514,tt8652818,error,2026-03-24
541671,tt7181546,found,2026-03-24
534072,tt8435002,found,2026-03-24
1239193,tt31121295,found,2026-03-24
537116,tt8721424,found,2026-03-24
1241921,tt13650700,found,2026-03-24
539181,tt9072352,found,2026-03-24
539537,tt0983946,found,2026-03-24
539565,tt5439812,found,2026-03-24
539681,tt8912936,found,2026-03-24
1241982,tt13622970,found,2026-03-24
1242419,tt4627382,found,2026-03-24
541134,tt4273800,found,2026-03-24
541305,tt8143990,found,2026-03-24
542178,tt8847712,found,2026-03-24
1244492,tt31711040,found,2026-03-24
544401,tt9130508,found,2026-03-24
1245993,tt1493274,found,2026-03-24
1249289,tt31456973,found,2026-03-24
545609,tt8936646,found,2026-03-24
546121,tt8633478,found,2026-03-24
547016,tt7556122,found,2026-03-24
1254786,tt2172954,found,2026-03-24
1265609,tt15940132,not_found,2026-03-24
547565,tt9731534,found,2026-03-24
549294,tt9016974,found,2026-03-24
549514,tt8829830,found,2026-03-24
550738,tt8028842,found,2026-03-24
551271,tt8883486,found,2026-03-24
1259102,tt24950660,found,2026-03-24
554761,tt9143112,found,2026-03-24
1261825,tt31998881,found,2026-03-24
1266798,tt33255286,not_found,2026-03-24
552532,tt9048840,found,2026-03-24
553604,tt1838556,found,2026-03-24
1272149,tt32063050,found,2026-03-24
554230,tt9100054,found,2026-03-24
1277884,tt35453969,found,2026-03-24
560057,tt9288046,found,2026-03-24
555604,tt1488589,found,2026-03-24
555974,tt9173418,found,2026-03-24
1280672,tt32221196,found,2026-03-24
1291608,tt33014583,not_found,2026-03-24
556694,tt9198364,found,2026-03-24
1294203,tt32434379,found,2026-03-24
575776,tt7557108,found,2026-03-24
557940,tt8976664,not_found,2026-03-24
557946,tt9244554,found,2026-03-24
1289936,tt31888477,found,2026-03-24
1290821,tt32357218,found,2026-03-24
1291712,tt27811248,not_found,2026-03-24
558449,tt9218128,found,2026-03-24
559581,tt9203694,found,2026-03-24
559907,tt9243804,found,2026-03-24
1306368,tt32642706,found,2026-03-24
1323475,tt33053440,found,2026-03-24
560016,tt9214772,found,2026-03-24
560050,tt7488208,found,2026-03-24
560204,tt9139586,found,2026-03-24
1311031,tt32820897,found,2026-03-24
1327862,tt33088452,found,2026-03-24
565028,tt9347730,found,2026-03-24
1363123,tt34276058,found,2026-03-24
565770,tt9362930,found,2026-03-24
566805,tt2943178,found,2026-03-24
1397832,tt33474172,not_found,2026-03-24
567748,tt9421570,found,2026-03-24
1472638,tt38350059,not_found,2026-03-24
567797,tt5144174,found,2026-03-24
567811,tt7959138,found,2026-03-24
567971,tt8976576,found,2026-03-24
1419406,tt34610311,found,2026-03-24
568467,tt7983894,found,2026-03-24
1155828,tt28479262,found,2026-03-25
1160164,tt28814949,found,2026-03-25
1180634,tt29242846,not_found,2026-03-25
1156593,tt28510079,found,2026-03-25
1161617,tt26394837,found,2026-03-25
1171634,tt29482291,found,2026-03-25
1182047,tt8368368,found,2026-03-25
1189198,tt24429218,found,2026-03-25
1190868,tt32880932,found,2026-03-25
1202479,tt29929565,found,2026-03-25
1197137,tt29644189,found,2026-03-25
1205515,tt32843349,found,2026-03-25
1208476,tt30088797,found,2026-03-25
1209290,tt30150917,found,2026-03-25
1233069,tt30876483,found,2026-03-25
1212073,tt29538571,found,2026-03-25
1212855,tt13652286,found,2026-03-25
1229730,tt35683795,not_found,2026-03-25
1216452,tt28444113,not_found,2026-03-25
1222248,tt23782584,not_found,2026-03-25
1226841,tt30796448,found,2026-03-25
1234811,tt31022050,found,2026-03-25
1235746,tt7574556,found,2026-03-25
1241320,tt31457736,not_found,2026-03-25
1241983,tt29768334,found,2026-03-25
1252377,tt31519456,found,2026-03-25
1242404,tt32985279,found,2026-03-25
1244944,tt31314296,found,2026-03-25
1246049,tt31434030,found,2026-03-25
1251717,tt31511689,found,2026-03-25
1262983,tt28821371,found,2026-03-25
1299046,tt32810496,not_found,2026-03-25
1317088,tt32768323,found,2026-03-25
1357633,tt33428606,not_found,2026-03-25
1388694,tt30292390,not_found,2026-03-25
916192,tt17382524,found,2026-03-25
570670,tt1051906,found,2026-03-25
917496,tt2049403,found,2026-03-25
571384,tt8004664,found,2026-03-25
916224,tt16428256,found,2026-03-25
573164,tt8049994,found,2026-03-25
919573,tt19841734,found,2026-03-25
573171,tt8101238,not_found,2026-03-25
573435,tt4919268,found,2026-03-25
574451,tt7737224,found,2026-03-25
920125,tt6436620,found,2026-03-25
575088,tt8006374,not_found,2026-03-25
575265,tt9603208,found,2026-03-25
576156,tt8851668,found,2026-03-25
575322,tt5656994,not_found,2026-03-25
921452,tt17277414,found,2026-03-25
575417,tt9606374,found,2026-03-25
575446,tt12474056,found,2026-03-25
575604,tt10530176,found,2026-03-25
575774,tt8508734,found,2026-03-25
576845,tt9639470,found,2026-03-25
923667,tt20316748,found,2026-03-25
577242,tt9844322,not_found,2026-03-25
925263,tt16731908,found,2026-03-25
927107,tt2016303,found,2026-03-25
578908,tt9684220,found,2026-03-25
928344,tt17076046,found,2026-03-25
579051,tt7937254,found,2026-03-25
579496,tt7461272,found,2026-03-25
579583,tt9686708,found,2026-03-25
582885,tt9196192,found,2026-03-25
579792,tt8200456,not_found,2026-03-25
930600,tt4196566,found,2026-03-25
579974,tt8178634,found,2026-03-25
931102,tt15430628,found,2026-03-25
580175,tt10288566,found,2026-03-25
582897,tt9648886,not_found,2026-03-25
581392,tt8850222,found,2026-03-25
581526,tt12763920,found,2026-03-25
933419,tt15339570,found,2026-03-25
934632,tt23137904,found,2026-03-25
938008,tt19713090,found,2026-03-25
581577,tt9738784,found,2026-03-25
581726,tt6654210,found,2026-03-25
938614,tt14966898,found,2026-03-25
581859,tt9777644,found,2026-03-25
940551,tt6495056,found,2026-03-25
582014,tt9620292,found,2026-03-25
583406,tt9784798,found,2026-03-25
583689,tt6432466,found,2026-03-25
940721,tt23289160,found,2026-03-25
585216,tt9844522,found,2026-03-25
591120,tt17491040,found,2026-03-25
585245,tt2397461,found,2026-03-25
944401,tt17009348,found,2026-03-25
945729,tt22687790,found,2026-03-25
585378,tt8633464,found,2026-03-25
585511,tt7214954,found,2026-03-25
586461,tt8372298,found,2026-03-25
587092,tt10483152,found,2026-03-25
948713,tt15767808,found,2026-03-25
587496,tt10003008,found,2026-03-25
955916,tt14371878,found,2026-03-25
587792,tt9484998,found,2026-03-25
587996,tt9845564,found,2026-03-25
589049,tt7798646,found,2026-03-25
589754,tt13606158,not_found,2026-03-25
950387,tt3566834,found,2026-03-25
955555,tt21364552,found,2026-03-25
591273,tt6566576,found,2026-03-25
589970,tt9908390,not_found,2026-03-25
951491,tt21807222,found,2026-03-25
956964,tt26255020,not_found,2026-03-25
590223,tt2222042,found,2026-03-25
590706,tt9624766,found,2026-03-25
590869,tt8615136,not_found,2026-03-25
590995,tt4685762,found,2026-03-25
591275,tt9701942,found,2026-03-25
956475,tt19498174,not_found,2026-03-25
591538,tt10095582,found,2026-03-25
592695,tt8550054,found,2026-03-25
592831,tt10128846,found,2026-03-25
592983,tt7215232,found,2026-03-25
592984,tt6772802,found,2026-03-25
957258,tt20256528,found,2026-03-25
957452,tt1340094,found,2026-03-25
960033,tt26699529,found,2026-03-25
593395,tt9381682,not_found,2026-03-25
593643,tt9764362,found,2026-03-25
594530,tt10167262,not_found,2026-03-25
594718,tt11905962,found,2026-03-25
958006,tt11908172,found,2026-03-25
960704,tt18671660,not_found,2026-03-25
594767,tt10151854,found,2026-03-25
595149,tt1830643,found,2026-03-25
595743,tt4479380,found,2026-03-25
961484,tt10242388,found,2026-03-25
596161,tt9340860,found,2026-03-25
961718,tt27714278,not_found,2026-03-25
597156,tt10199914,found,2026-03-25
597219,tt9683478,found,2026-03-25
597433,tt10230994,found,2026-03-25
962309,tt27851639,not_found,2026-03-25
597891,tt7737528,found,2026-03-25
598133,tt8145202,not_found,2026-03-25
615643,tt10633456,found,2026-03-25
598896,tt10265034,found,2026-03-25
964980,tt16419074,found,2026-03-25
965791,tt21352380,found,2026-03-25
599281,tt10037014,found,2026-03-25
599377,tt10272534,found,2026-03-25
600354,tt10272386,found,2026-03-25
601165,tt6834916,found,2026-03-25
969492,tt19864802,found,2026-03-25
601796,tt20168564,found,2026-03-25
972614,tt20115766,found,2026-03-25
974250,tt20201748,found,2026-03-25
601844,tt10314450,found,2026-03-25
602223,tt10327252,found,2026-03-25
970347,tt1121948,found,2026-03-25
970947,tt20212786,found,2026-03-25
602654,tt5498354,found,2026-03-25
974262,tt20202136,found,2026-03-25
602734,tt10342730,found,2026-03-25
603661,tt8718158,found,2026-03-25
974931,tt11426232,found,2026-03-25
604563,tt7972012,not_found,2026-03-25
976734,tt20048582,found,2026-03-25
979660,tt21942598,found,2026-03-25
605734,tt9828918,not_found,2026-03-25
605116,tt7550000,found,2026-03-25
974950,tt20221436,found,2026-03-25
605133,tt9741310,found,2026-03-25
605255,tt12142854,not_found,2026-03-25
605286,tt10340460,not_found,2026-03-25
605722,tt9883398,not_found,2026-03-25
606234,tt6882604,found,2026-03-25
606402,tt12663250,found,2026-03-25
975511,tt19861162,found,2026-03-25
606403,tt16529222,not_found,2026-03-25
606523,tt12792418,found,2026-03-25
606566,tt9392248,not_found,2026-03-25
606876,tt8593904,found,2026-03-25
606954,tt10492998,not_found,2026-03-25
976720,tt20225374,found,2026-03-25
980026,tt20561198,found,2026-03-25
607259,tt4733624,found,2026-03-25
608980,tt9110904,found,2026-03-25
980477,tt34956443,found,2026-03-25
609681,tt10676048,found,2026-03-25
610150,tt14614892,found,2026-03-25
610461,tt7909434,not_found,2026-03-25
982752,tt20672490,found,2026-03-25
611395,tt10508838,not_found,2026-03-25
612491,tt10791152,not_found,2026-03-25
613368,tt9372172,not_found,2026-03-25
613504,tt10362466,found,2026-03-25
986056,tt20969586,found,2026-03-25
614292,tt8526370,found,2026-03-25
986097,tt20990442,found,2026-03-25
988046,tt21059520,found,2026-03-25
614911,tt10539608,found,2026-03-25
614917,tt9620288,found,2026-03-25
987917,tt18394190,found,2026-03-25
989672,tt23049206,found,2026-03-25
614933,tt14856980,found,2026-03-25
996821,tt21227864,found,2026-03-25
615115,tt9252488,found,2026-03-25
988402,tt24216998,found,2026-03-25
615177,tt9898858,found,2026-03-25
989937,tt17677744,not_found,2026-03-25
615466,tt3155342,found,2026-03-25
615469,tt9783600,found,2026-03-25
615665,tt9866072,found,2026-03-25
615667,tt10514222,found,2026-03-25
991494,tt23572848,found,2026-03-25
615677,tt10600398,found,2026-03-25
1000075,tt23049322,not_found,2026-03-25
1001311,tt13964390,found,2026-03-25
615952,tt10343028,found,2026-03-25
616037,tt10648342,found,2026-03-25
998846,tt21261712,found,2026-03-25
1000081,tt23898856,not_found,2026-03-25
616651,tt10696896,found,2026-03-25
616820,tt10665342,found,2026-03-25
1000837,tt14961016,found,2026-03-25
1001835,tt15978956,found,2026-03-25
617126,tt10676052,found,2026-03-25
617502,tt10228134,found,2026-03-25
617786,tt7737734,found,2026-03-25
1001811,tt21103300,found,2026-03-25
1005776,tt21651560,found,2026-03-25
618162,tt10696784,found,2026-03-25
618353,tt12794046,found,2026-03-25
618354,tt11079116,found,2026-03-25
618416,tt6317656,found,2026-03-25
1002185,tt21940010,found,2026-03-25
619592,tt10308928,found,2026-03-25
619730,tt10731256,found,2026-03-25
619778,tt3811906,found,2026-03-25
619930,tt9737876,not_found,2026-03-25
1007734,tt28996126,found,2026-03-25
619979,tt2180339,found,2026-03-25
620705,tt5264838,found,2026-03-25
621013,tt5843876,found,2026-03-25
621151,tt10736580,found,2026-03-25
621876,tt8521736,found,2026-03-25
1008409,tt21454134,found,2026-03-25
1010581,tt21909764,not_found,2026-03-25
621954,tt8846176,found,2026-03-25
623491,tt11024272,found,2026-03-25
623856,tt10808832,found,2026-03-25
624788,tt9601220,found,2026-03-25
1010756,tt28671344,found,2026-03-25
1020006,tt22041854,found,2026-03-25
624808,tt5096470,found,2026-03-25
624963,tt4844150,found,2026-03-25
627725,tt6285944,found,2026-03-25
626393,tt10888708,found,2026-03-25
1010826,tt18260564,found,2026-03-25
626412,tt20201212,not_found,2026-03-25
626735,tt11252248,found,2026-03-25
626872,tt11535228,found,2026-03-25
627463,tt9000224,found,2026-03-25
628534,tt6571548,found,2026-03-25
1011477,tt1674782,found,2026-03-25
628704,tt14757872,found,2026-03-25
628847,tt10799690,found,2026-03-25
628914,tt9054192,found,2026-03-25
629015,tt10131024,found,2026-03-25
1012201,tt30476486,found,2026-03-25
629542,tt8115900,found,2026-03-25
630004,tt9742794,found,2026-03-25
630220,tt10816484,not_found,2026-03-25
630240,tt10944760,found,2026-03-25
630566,tt6473066,found,2026-03-25
1016084,tt21867434,found,2026-03-25
1019939,tt12818328,found,2026-03-25
1022789,tt22022452,found,2026-03-25
630720,tt10935560,found,2026-03-25
631842,tt15679400,found,2026-03-25
632357,tt9419056,found,2026-03-25
632618,tt10915060,found,2026-03-25
1028196,tt23055660,found,2026-03-25
632632,tt11802992,not_found,2026-03-25
632666,tt10556022,found,2026-03-25
646380,tt11286314,found,2026-03-25
632856,tt10999120,found,2026-03-25
634429,tt10737918,found,2026-03-25
634544,tt11327514,found,2026-03-25
634649,tt10872600,found,2026-03-25
635389,tt11177804,found,2026-03-25
635731,tt11003218,found,2026-03-25
635891,tt11128440,found,2026-03-25
636565,tt10287954,found,2026-03-25
636706,tt11097384,found,2026-03-25
637693,tt11084896,found,2026-03-25
638449,tt1893273,found,2026-03-25
638597,tt8521876,found,2026-03-25
638965,tt10375106,found,2026-03-25
649087,tt11307814,found,2026-03-25
639721,tt11125620,found,2026-03-25
1040148,tt27155038,found,2026-03-25
639798,tt10952782,found,2026-03-25
1047016,tt23573936,found,2026-03-25
639988,tt1527793,found,2026-03-25
640923,tt10937670,not_found,2026-03-25
641662,tt11161474,found,2026-03-25
641934,tt11225626,found,2026-03-25
641960,tt10344522,found,2026-03-25
642208,tt11169050,found,2026-03-25
643215,tt11210390,found,2026-03-25
643532,tt11196036,found,2026-03-25
643550,tt11044858,found,2026-03-25
643612,tt10243992,found,2026-03-25
644090,tt11100856,found,2026-03-25
644495,tt11214590,found,2026-03-25
1059064,tt24169886,found,2026-03-25
645689,tt11204094,found,2026-03-25
654905,tt11499506,not_found,2026-03-25
645757,tt14855468,found,2026-03-25
645856,tt11263022,found,2026-03-25
645886,tt11233960,found,2026-03-25
646207,tt3758814,found,2026-03-25
647325,tt11324534,found,2026-03-25
647785,tt10933680,found,2026-03-25
647809,tt10960102,not_found,2026-03-25
648878,tt31176520,found,2026-03-25
649409,tt11525644,found,2026-03-25
649928,tt11332850,found,2026-03-25
650031,tt9170516,not_found,2026-03-25
651571,tt9820556,found,2026-03-25
1064213,tt28607951,found,2026-03-25
651589,tt10978398,not_found,2026-03-25
652004,tt11140488,found,2026-03-25
652483,tt10731748,not_found,2026-03-25
652837,tt12879624,found,2026-03-25
661935,tt12443930,found,2026-03-25
653349,tt3626476,found,2026-03-25
653567,tt11388580,found,2026-03-25
653569,tt7873348,found,2026-03-25
653598,tt11394332,found,2026-03-25
653601,tt11388406,found,2026-03-25
653744,tt8750570,found,2026-03-25
1078605,tt26581740,found,2026-03-25
654028,tt11057644,found,2026-03-25
654739,tt14980972,found,2026-03-25
654754,tt11459366,found,2026-03-25
654895,tt12215252,not_found,2026-03-25
655187,tt9916362,not_found,2026-03-25
655363,tt9834506,found,2026-03-25
658751,tt9806336,found,2026-03-25
658777,tt12875782,not_found,2026-03-25
1082195,tt26625693,found,2026-03-25
659067,tt10092752,not_found,2026-03-25
659959,tt10457128,found,2026-03-25
659986,tt9806370,found,2026-03-25
659991,tt9207700,found,2026-03-25
660006,tt10307724,found,2026-03-25
1084242,tt26443597,found,2026-03-25
660330,tt9850344,found,2026-03-25
660637,tt11525022,found,2026-03-25
660942,tt4028464,found,2026-03-25
661374,tt11564570,found,2026-03-25
661539,tt11563598,found,2026-03-25
661595,tt10715446,found,2026-03-25
661791,tt11807888,not_found,2026-03-25
661914,tt10612922,found,2026-03-25
661930,tt10675724,found,2026-03-25
662237,tt14599938,not_found,2026-03-25
1086747,tt26736843,found,2026-03-25
663260,tt10341034,found,2026-03-25
1087192,tt26743210,found,2026-03-25
663558,tt13269670,found,2026-03-25
665488,tt9303772,not_found,2026-03-25
664031,tt11154906,not_found,2026-03-25
664280,tt11989890,found,2026-03-25
1088166,tt11539996,found,2026-03-25
665828,tt11541872,found,2026-03-25
664469,tt10304142,found,2026-03-25
664574,tt11628854,found,2026-03-25
664996,tt7978758,found,2026-03-25
665251,tt9310328,found,2026-03-25
666277,tt13238346,found,2026-03-25
667141,tt10309552,found,2026-03-25
1100099,tt27131358,found,2026-03-25
667276,tt10431332,not_found,2026-03-25
675319,tt8545482,found,2026-03-25
667739,tt11671006,found,2026-03-25
1104171,tt20502488,found,2026-03-25
667869,tt10627584,found,2026-03-25
668195,tt10937434,not_found,2026-03-25
668489,tt14123284,found,2026-03-25
668742,tt11506284,found,2026-03-25
1107872,tt19724192,not_found,2026-03-25
669671,tt10763820,found,2026-03-25
670203,tt9916270,not_found,2026-03-25
670266,tt8322060,found,2026-03-25
670428,tt11252440,found,2026-03-25
670429,tt10160974,found,2026-03-25
671039,tt10127684,not_found,2026-03-25
671583,tt10833270,not_found,2026-03-25
672208,tt11777738,found,2026-03-25
675327,tt9691136,found,2026-03-25
672647,tt11080108,found,2026-03-25
672741,tt11804152,found,2026-03-25
673309,tt11729298,found,2026-03-25
674324,tt11813216,found,2026-03-25
674944,tt9345754,found,2026-03-25
675445,tt11832046,found,2026-03-25
676547,tt9271672,found,2026-03-25
1114967,tt27543578,found,2026-03-25
676701,tt14941698,found,2026-03-25
678512,tt7599146,found,2026-03-25
679989,tt10426916,not_found,2026-03-25
680493,tt22868010,found,2026-03-25
680593,tt10229558,found,2026-03-25
683328,tt15528292,found,2026-03-25
680860,tt6462958,found,2026-03-25
681019,tt11240506,found,2026-03-25
681580,tt4359330,not_found,2026-03-25
682110,tt12888462,found,2026-03-25
683127,tt12441478,found,2026-03-25
684700,tt11905462,found,2026-03-25
686245,tt10303324,found,2026-03-25
687163,tt12042730,not_found,2026-03-25
688258,tt8615822,found,2026-03-25
689249,tt12078990,not_found,2026-03-25
689700,tt10023022,found,2026-03-25
691179,tt11337862,found,2026-03-25
692969,tt11284280,found,2026-03-25
693134,tt15239678,found,2026-03-25
693158,tt8718300,found,2026-03-25
694234,tt10941528,not_found,2026-03-25
694256,tt12013758,not_found,2026-03-25
696157,tt12193804,found,2026-03-25
696374,tt11316854,not_found,2026-03-25
698687,tt8864596,found,2026-03-25
696806,tt2463208,found,2026-03-25
696822,tt9772374,found,2026-03-25
698201,tt11923304,not_found,2026-03-25
703771,tt12876132,found,2026-03-25
699102,tt11388278,found,2026-03-25
700127,tt16282866,not_found,2026-03-25
700391,tt12261776,found,2026-03-25
701175,tt11127690,found,2026-03-25
702525,tt9204164,not_found,2026-03-25
704673,tt5834874,found,2026-03-25
705861,tt8009428,found,2026-03-25
706503,tt10456740,found,2026-03-25
706510,tt1545304,found,2026-03-25
706860,tt12366826,not_found,2026-03-25
711963,tt6874762,found,2026-03-25
708336,tt11082246,not_found,2026-03-25
708577,tt12877966,not_found,2026-03-25
709629,tt11332500,not_found,2026-03-25
709631,tt9100018,found,2026-03-25
710356,tt5616176,found,2026-03-25
712152,tt12444440,found,2026-03-25
712454,tt7014378,found,2026-03-25
713704,tt13345606,found,2026-03-25
713776,tt11768948,found,2026-03-25
714888,tt15301048,found,2026-03-25
715123,tt11242218,found,2026-03-25
716258,tt12298506,found,2026-03-25
716612,tt12536294,found,2026-03-25
717192,tt14217100,not_found,2026-03-25
717728,tt14121726,not_found,2026-03-25
717930,tt5761544,found,2026-03-25
718400,tt9794630,found,2026-03-25
718789,tt10298810,found,2026-03-25
718821,tt12584954,found,2026-03-25
718840,tt3278540,found,2026-03-25
719221,tt14088510,found,2026-03-25
719410,tt10329134,found,2026-03-25
720026,tt8764358,found,2026-03-25
720321,tt11540468,found,2026-03-25
721656,tt12838958,not_found,2026-03-25
722778,tt12680684,found,2026-03-25
723072,tt12749596,found,2026-03-25
723419,tt12908110,found,2026-03-25
724089,tt13535454,not_found,2026-03-25
724209,tt13603966,found,2026-03-25
724989,tt11656172,not_found,2026-03-25
726208,tt11750282,found,2026-03-25
726209,tt12747748,found,2026-03-25
726429,tt11658120,not_found,2026-03-25
733156,tt10303430,not_found,2026-03-25
726759,tt12758060,found,2026-03-25
727340,tt6931658,found,2026-03-25
733317,tt6456326,not_found,2026-03-25
728142,tt11286640,found,2026-03-25
728526,tt12800524,found,2026-03-25
728754,tt13428402,not_found,2026-03-25
728949,tt12810074,found,2026-03-25
729720,tt12808182,found,2026-03-25
730840,tt12851396,found,2026-03-25
757860,tt11454718,not_found,2026-03-25
730047,tt12889404,found,2026-03-25
730167,tt12735282,found,2026-03-25
730154,tt11051974,not_found,2026-03-25
734280,tt13318052,not_found,2026-03-25
734353,tt12137964,found,2026-03-25
735595,tt9654108,not_found,2026-03-25
736069,tt13804084,found,2026-03-25
736073,tt14324650,found,2026-03-25
736074,tt14402926,found,2026-03-25
736769,tt9873892,found,2026-03-25
736790,tt14923260,found,2026-03-25
737568,tt6222118,found,2026-03-25
738215,tt12767498,not_found,2026-03-25
738652,tt5748448,found,2026-03-25
1119878,tt27621210,found,2026-03-25
739413,tt13029044,found,2026-03-25
739542,tt6733874,found,2026-03-25
739990,tt10521144,found,2026-03-25
740441,tt26160190,found,2026-03-25
740925,tt13056008,found,2026-03-25
1144430,tt29768333,found,2026-03-25
740996,tt13058290,found,2026-03-25
741011,tt10229982,found,2026-03-25
741074,tt13061790,not_found,2026-03-25
741613,tt10772662,found,2026-03-25
741998,tt10914452,not_found,2026-03-25
743601,tt12987894,found,2026-03-25
744114,tt13139228,found,2026-03-25
744594,tt6160448,found,2026-03-25
744653,tt12001534,found,2026-03-25
744742,tt8941380,found,2026-03-25
744746,tt7917178,found,2026-03-25
762441,tt13433802,found,2026-03-25
745611,tt10738536,found,2026-03-25
746036,tt1684562,found,2026-03-25
1127674,tt27766538,not_found,2026-03-25
1128752,tt28277817,found,2026-03-25
746524,tt13280054,found,2026-03-25
746957,tt13118012,not_found,2026-03-25
747059,tt13167288,not_found,2026-03-25
747188,tt14230388,found,2026-03-25
747688,tt15655276,not_found,2026-03-25
760868,tt6708668,found,2026-03-25
748230,tt10245072,found,2026-03-25
1143190,tt19848268,found,2026-03-25
748853,tt13429362,found,2026-03-25
749004,tt13204490,found,2026-03-25
749274,tt1924245,found,2026-03-25
750253,tt13234058,found,2026-03-25
1150394,tt28283972,not_found,2026-03-25
751237,tt13235822,found,2026-03-25
751741,tt13623880,found,2026-03-25
752505,tt12829958,found,2026-03-25
752564,tt10545696,found,2026-03-25
753230,tt13206564,not_found,2026-03-25
753453,tt14867006,found,2026-03-25
754609,tt5151570,found,2026-03-25
754934,tt5624466,found,2026-03-25
755566,tt13314558,found,2026-03-25
1151272,tt32298285,found,2026-03-25
755812,tt12816348,not_found,2026-03-25
755898,tt13186306,found,2026-03-25
756999,tt7144666,found,2026-03-25
758879,tt13070602,found,2026-03-25
758330,tt13352968,found,2026-03-25
758679,tt13397574,found,2026-03-25
758724,tt14550642,found,2026-03-25
758866,tt14039582,found,2026-03-25
758323,tt13375076,found,2026-03-25
759902,tt2226162,found,2026-03-25
760099,tt9051908,found,2026-03-25
760104,tt13560574,found,2026-03-25
760195,tt9173154,found,2026-03-25
760204,tt13468602,found,2026-03-25
760329,tt11214558,found,2026-03-25
760336,tt7475578,found,2026-03-25
760517,tt15553956,found,2026-03-25
760741,tt13223398,found,2026-03-25
760774,tt13097932,found,2026-03-25
760883,tt6402468,found,2026-03-25
760926,tt6020800,found,2026-03-25
761053,tt13535456,not_found,2026-03-25
762079,tt12496706,found,2026-03-25
762433,tt13432484,found,2026-03-25
762968,tt13327038,found,2026-03-25
762975,tt4614584,found,2026-03-25
763148,tt13438734,not_found,2026-03-25
763149,tt10691162,not_found,2026-03-25
763152,tt6925902,not_found,2026-03-25
763215,tt13452446,found,2026-03-25
763532,tt10896634,found,2026-03-25
763788,tt3876910,found,2026-03-25
764835,tt13133936,found,2026-03-25
768331,tt12744120,found,2026-03-25
765245,tt13207508,found,2026-03-25
765869,tt11649338,found,2026-03-25
766507,tt11866324,found,2026-03-25
767304,tt4439620,found,2026-03-25
767499,tt13372794,found,2026-03-25
768520,tt13055780,not_found,2026-03-25
768744,tt13544716,found,2026-03-25
768939,tt7153488,not_found,2026-03-25
770156,tt11916254,not_found,2026-03-25
770254,tt13575806,found,2026-03-25
772071,tt12076762,not_found,2026-03-25
772515,tt11718516,found,2026-03-25
773655,tt13567480,found,2026-03-25
773975,tt13655328,found,2026-03-25
774021,tt13392012,found,2026-03-25
778810,tt8354218,not_found,2026-03-25
774372,tt13615386,found,2026-03-25
774714,tt12528166,not_found,2026-03-25
774741,tt13834480,found,2026-03-25
774825,tt13634480,found,2026-03-25
776305,tt13651628,found,2026-03-25
776328,tt13313408,not_found,2026-03-25
776527,tt7378922,not_found,2026-03-25
776797,tt13872248,found,2026-03-25
780609,tt13841850,found,2026-03-25
776835,tt2560092,found,2026-03-25
777443,tt7766378,found,2026-03-25
778106,tt14506528,found,2026-03-25
778730,tt11698630,not_found,2026-03-25
779047,tt14062858,not_found,2026-03-25
779816,tt11068094,found,2026-03-25
780154,tt13723064,not_found,2026-03-25
785539,tt12929990,found,2026-03-25
785084,tt13833688,found,2026-03-25
785457,tt11742798,found,2026-03-25
785533,tt14731142,found,2026-03-25
785534,tt13045890,not_found,2026-03-25
785538,tt14168118,found,2026-03-25
785663,tt12731980,found,2026-03-25
785976,tt13842562,found,2026-03-25
785985,tt13822738,found,2026-03-25
786705,tt15204288,not_found,2026-03-25
786892,tt12037194,found,2026-03-25
785752,tt5563324,found,2026-03-25
787428,tt13472984,found,2026-03-25
787723,tt9274670,found,2026-03-25
787752,tt13403046,found,2026-03-25
788045,tt10360772,found,2026-03-25
788752,tt13051810,not_found,2026-03-25
788929,tt9812474,found,2026-03-25
790142,tt13989030,found,2026-03-25
790459,tt13968674,found,2026-03-25
790462,tt13655120,found,2026-03-25
791177,tt10168670,found,2026-03-25
791373,tt12361974,found,2026-03-25
792293,tt13957560,found,2026-03-25
793723,tt11734264,found,2026-03-25
795230,tt3986420,found,2026-03-25
795607,tt15000314,not_found,2026-03-25
795811,tt14034966,found,2026-03-25
795813,tt13087796,found,2026-03-25
795853,tt11881160,found,2026-03-25
797394,tt13932162,not_found,2026-03-25
797840,tt13806164,not_found,2026-03-25
798021,tt14227048,found,2026-03-25
798362,tt8002382,found,2026-03-25
798645,tt14107334,found,2026-03-25
799155,tt7529298,found,2026-03-25
799375,tt21819228,found,2026-03-25
799766,tt14260836,found,2026-03-25
799876,tt14114802,found,2026-03-25
800158,tt1136617,found,2026-03-25
800305,tt10975604,not_found,2026-03-25
800410,tt13323118,found,2026-03-25
800497,tt9288692,found,2026-03-25
800787,tt14153080,found,2026-03-25
800815,tt14138650,found,2026-03-25
810271,tt12163074,found,2026-03-25
800939,tt14109724,found,2026-03-25
801058,tt14152756,found,2026-03-25
801335,tt13269536,not_found,2026-03-25
802217,tt11540284,found,2026-03-25
802372,tt9071456,found,2026-03-25
802401,tt14888874,not_found,2026-03-25
802504,tt12154638,not_found,2026-03-25
803104,tt11203022,found,2026-03-25
803114,tt11348232,found,2026-03-25
803700,tt14641542,found,2026-03-25
803923,tt2231874,found,2026-03-25
804150,tt14209916,found,2026-03-25
804251,tt11930126,found,2026-03-25
804435,tt5932368,found,2026-03-25
804616,tt22863968,found,2026-03-25
805327,tt14298328,found,2026-03-25
805627,tt14500584,found,2026-03-25
807070,tt14821150,found,2026-03-25
807185,tt13932304,found,2026-03-25
807196,tt11127680,found,2026-03-25
807339,tt14371860,found,2026-03-25
807986,tt14589916,found,2026-03-25
808023,tt4136456,found,2026-03-25
810389,tt9155512,found,2026-03-25
809107,tt14301252,found,2026-03-25
809787,tt13923456,found,2026-03-25
809972,tt16453244,found,2026-03-25
810171,tt4081630,found,2026-03-25
810873,tt14315756,found,2026-03-25
811072,tt12358104,found,2026-03-25
811367,tt14499632,not_found,2026-03-25
811592,tt14199590,found,2026-03-25
811631,tt14060232,found,2026-03-25
811634,tt14391088,not_found,2026-03-25
811948,tt31497548,not_found,2026-03-25
812037,tt14550346,found,2026-03-25
812225,tt22868844,found,2026-03-25
813258,tt14423802,not_found,2026-03-25
814340,tt14376344,found,2026-03-25
814757,tt14402146,found,2026-03-25
814800,tt9000184,found,2026-03-25
814889,tt14415204,found,2026-03-25
817758,tt14444726,found,2026-03-25
818612,tt11426572,found,2026-03-25
818648,tt14463514,not_found,2026-03-25
818750,tt8851148,found,2026-03-25
819309,tt13650600,found,2026-03-25
820067,tt15721650,found,2026-03-25
820609,tt14509110,found,2026-03-25
820722,tt13066182,found,2026-03-25
823464,tt14539740,found,2026-03-25
821427,tt11131464,found,2026-03-25
821881,tt8745676,found,2026-03-25
823147,tt8129806,found,2026-03-25
823219,tt4772188,found,2026-03-25
823461,tt8231668,found,2026-03-25
823625,tt14060094,found,2026-03-25
823754,tt14544192,found,2026-03-25
823855,tt9013182,not_found,2026-03-25
823951,tt14542254,found,2026-03-25
825597,tt14573402,not_found,2026-03-25
825808,tt11209212,found,2026-03-25
826680,tt14592998,found,2026-03-25
826749,tt14577300,found,2026-03-25
826769,tt1777606,found,2026-03-25
828613,tt14456350,found,2026-03-25
828947,tt14145426,found,2026-03-25
829051,tt8373206,found,2026-03-25
832502,tt8637498,found,2026-03-25
829402,tt9471678,found,2026-03-25
829410,tt14642626,found,2026-03-25
830764,tt14145436,found,2026-03-25
840889,tt14852624,found,2026-03-25
830896,tt11820950,found,2026-03-25
831223,tt14490832,not_found,2026-03-25
831405,tt5012504,not_found,2026-03-25
831827,tt14927356,not_found,2026-03-25
832277,tt14247286,not_found,2026-03-25
833097,tt14715170,found,2026-03-25
833326,tt13482806,found,2026-03-25
833339,tt14253846,found,2026-03-25
834027,tt14731254,found,2026-03-25
834404,tt14851194,not_found,2026-03-25
836009,tt13873302,found,2026-03-25
836225,tt10362566,found,2026-03-25
837881,tt11198810,found,2026-03-25
838240,tt13429870,found,2026-03-25
838484,tt11514780,found,2026-03-25
839369,tt13651794,found,2026-03-25
842033,tt14895216,not_found,2026-03-25
840326,tt14846026,found,2026-03-25
840705,tt14858658,found,2026-03-25
840882,tt14817272,found,2026-03-25
842675,tt13539646,found,2026-03-25
842934,tt14714980,found,2026-03-25
842942,tt9853500,found,2026-03-25
842945,tt10559102,not_found,2026-03-25
843241,tt13884144,not_found,2026-03-25
843416,tt7461686,found,2026-03-25
843543,tt14900738,found,2026-03-25
843617,tt14833464,found,2026-03-25
843794,tt22352848,found,2026-03-25
843847,tt8323668,found,2026-03-25
853588,tt15198608,found,2026-03-25
844417,tt6722802,found,2026-03-25
845222,tt13412252,not_found,2026-03-25
845659,tt12965390,not_found,2026-03-25
845783,tt14030816,found,2026-03-25
846214,tt14957270,not_found,2026-03-25
846422,tt14961624,found,2026-03-25
846433,tt14857730,found,2026-03-25
846867,tt15090124,found,2026-03-25
848058,tt10399608,found,2026-03-25
848123,tt13918550,found,2026-03-25
848187,tt12964320,found,2026-03-25
848278,tt14442328,not_found,2026-03-25
848685,tt15006566,found,2026-03-25
848791,tt11897478,found,2026-03-25
849869,tt16900880,found,2026-03-25
850018,tt15033192,found,2026-03-25
851644,tt15340724,found,2026-03-25
852046,tt15445056,found,2026-03-25
852427,tt13349892,found,2026-03-25
852438,tt14317880,found,2026-03-25
852448,tt15083184,found,2026-03-25
855400,tt15097216,found,2026-03-25
855823,tt10322274,found,2026-03-25
856289,tt6979756,found,2026-03-25
857702,tt15164924,found,2026-03-25
858024,tt14905854,found,2026-03-25
881209,tt15509244,found,2026-03-25
859585,tt13276352,found,2026-03-25
860623,tt12335692,not_found,2026-03-25
862551,tt14309446,found,2026-03-25
862552,tt13141250,found,2026-03-25
862855,tt15413054,not_found,2026-03-25
864101,tt15296186,not_found,2026-03-25
976573,tt15789038,found,2026-03-25
862968,tt15257160,found,2026-03-25
863873,tt15552142,found,2026-03-25
864370,tt18968540,found,2026-03-25
864873,tt12383460,found,2026-03-25
864959,tt15289240,found,2026-03-25
865559,tt21994906,found,2026-03-25
865921,tt16369220,not_found,2026-03-25
866398,tt15314262,found,2026-03-25
866678,tt10515864,not_found,2026-03-25
868759,tt15326988,found,2026-03-25
869291,tt12349832,found,2026-03-25
869617,tt14700948,not_found,2026-03-25
869626,tt15339456,found,2026-03-25
869641,tt15351980,found,2026-03-25
870518,tt15364972,found,2026-03-25
871964,tt14315500,not_found,2026-03-25
872497,tt11540726,found,2026-03-25
872906,tt15354916,not_found,2026-03-25
873126,tt15229674,found,2026-03-25
874299,tt15005868,not_found,2026-03-25
874300,tt16375288,not_found,2026-03-25
876716,tt15476620,not_found,2026-03-25
877183,tt15829632,not_found,2026-03-25
877269,tt10298840,found,2026-03-25
877817,tt14257582,found,2026-03-25
877957,tt15494038,found,2026-03-25
879540,tt15523010,found,2026-03-25
880313,tt15189534,found,2026-03-25
880841,tt2980152,found,2026-03-25
888479,tt15397918,not_found,2026-03-25
882598,tt15474916,found,2026-03-25
883083,tt8296030,found,2026-03-25
886396,tt21197740,not_found,2026-03-25
887357,tt20192230,found,2026-03-25
888003,tt15732890,found,2026-03-25
888321,tt11992694,found,2026-03-25
886083,tt12788488,found,2026-03-25
890541,tt15206378,found,2026-03-25
890771,tt10279472,found,2026-03-25
890825,tt14079374,found,2026-03-25
901563,tt9660502,found,2026-03-25
889737,tt11315808,found,2026-03-25
890656,tt14158554,found,2026-03-25
893370,tt12298140,found,2026-03-25
893712,tt15830702,found,2026-03-25
891699,tt15799866,found,2026-03-25
892515,tt14534796,found,2026-03-25
895549,tt5302918,found,2026-03-25
895744,tt15374070,found,2026-03-25
894169,tt14849038,not_found,2026-03-25
896151,tt15939198,found,2026-03-25
899082,tt16116174,found,2026-03-25
906126,tt16277242,found,2026-03-25
897087,tt15744298,found,2026-03-25
899579,tt16127696,found,2026-03-25
900379,tt26440619,found,2026-03-25
901362,tt14362112,found,2026-03-25
901385,tt15353964,found,2026-03-25
899405,tt16088568,not_found,2026-03-25
899445,tt14865406,not_found,2026-03-25
911068,tt16301388,not_found,2026-03-25
911430,tt16311594,found,2026-03-25
912480,tt22207786,found,2026-03-25
912520,tt22487338,found,2026-03-25
912649,tt16366836,found,2026-03-25
912916,tt11951276,found,2026-03-25
913290,tt15791034,found,2026-03-25
913823,tt16227014,found,2026-03-25
916405,tt15109082,found,2026-03-25
914215,tt16280912,found,2026-03-25
915931,tt15329224,found,2026-03-25
916053,tt16233952,found,2026-03-25
916728,tt12616480,found,2026-03-25
916740,tt13978306,found,2026-03-25
917007,tt4896168,not_found,2026-03-25
919952,tt20871388,not_found,2026-03-25
920081,tt16444610,not_found,2026-03-25
920394,tt14369276,not_found,2026-03-25
921636,tt11274492,found,2026-03-25
921655,tt11278476,found,2026-03-25
921785,tt16425284,not_found,2026-03-25
923632,tt14992922,found,2026-03-25
983282,tt20859464,found,2026-03-25
923939,tt16968450,found,2026-03-25
924482,tt6805938,found,2026-03-25
926393,tt17024450,found,2026-03-25
926676,tt17041964,found,2026-03-25
926899,tt11703050,not_found,2026-03-25
926980,tt14637290,not_found,2026-03-25
927342,tt27118357,not_found,2026-03-25
927855,tt14486678,not_found,2026-03-25
930564,tt17351924,found,2026-03-25
928381,tt14465894,found,2026-03-25
929204,tt17163970,found,2026-03-25
929590,tt17279496,found,2026-03-25
930094,tt10172266,found,2026-03-25
970450,tt15041836,found,2026-03-25
930921,tt17374778,not_found,2026-03-25
931349,tt17489650,found,2026-03-25
931954,tt15676664,found,2026-03-25
932086,tt17505010,found,2026-03-25
932420,tt14764464,found,2026-03-25
933131,tt29722855,found,2026-03-25
933260,tt17526714,found,2026-03-25
934131,tt14557188,found,2026-03-25
934506,tt21348598,not_found,2026-03-25
934756,tt15463032,found,2026-03-25
934761,tt15215512,found,2026-03-25
936074,tt15740736,not_found,2026-03-25
936960,tt15824322,found,2026-03-25
937249,tt18083578,found,2026-03-25
937287,tt16426418,found,2026-03-25
937746,tt14225838,found,2026-03-25
983507,tt19705884,found,2026-03-25
939243,tt18259086,found,2026-03-25
939335,tt17663876,found,2026-03-25
940139,tt18272208,found,2026-03-25
942199,tt13130024,found,2026-03-25
943134,tt16606592,found,2026-03-25
943221,tt15847880,not_found,2026-03-25
943930,tt7354440,not_found,2026-03-25
944952,tt18363072,found,2026-03-25
945937,tt6722400,found,2026-03-25
945961,tt18412256,found,2026-03-25
947891,tt18559464,found,2026-03-25
948276,tt14465706,not_found,2026-03-25
948549,tt19637052,found,2026-03-25
949423,tt18925334,found,2026-03-25
950396,tt13654226,found,2026-03-25
950445,tt18555320,found,2026-03-25
952701,tt19719836,found,2026-03-25
955531,tt19175696,found,2026-03-25
955991,tt13103732,found,2026-03-25
956842,tt1896747,found,2026-03-25
956920,tt23060796,found,2026-03-25
957304,tt19356262,found,2026-03-25
957457,tt9883832,found,2026-03-25
957608,tt18550220,not_found,2026-03-25
958182,tt24079846,found,2026-03-25
958196,tt14781036,found,2026-03-25
959429,tt20194882,found,2026-03-25
960258,tt12550376,found,2026-03-25
960700,tt18671386,not_found,2026-03-25
960875,tt12683756,found,2026-03-25
961268,tt26350277,found,2026-03-25
961323,tt19500164,found,2026-03-25
965150,tt19770238,found,2026-03-25
962232,tt16027944,not_found,2026-03-25
963765,tt13055264,found,2026-03-25
964592,tt8209702,found,2026-03-25
964877,tt28480619,not_found,2026-03-25
964960,tt19760052,found,2026-03-25
974036,tt4996328,found,2026-03-25
965890,tt23790924,found,2026-03-25
966220,tt19465630,found,2026-03-25
967582,tt27712015,not_found,2026-03-25
967847,tt21235248,found,2026-03-25
967874,tt14860210,found,2026-03-25
967941,tt19847976,found,2026-03-25
968438,tt15521050,not_found,2026-03-25
968739,tt15548032,not_found,2026-03-25
970348,tt19883634,found,2026-03-25
972118,tt16160622,found,2026-03-25
972230,tt20879602,found,2026-03-25
972433,tt20112600,found,2026-03-25
972533,tt14403504,found,2026-03-25
973164,tt19885626,found,2026-03-25
973912,tt19381382,not_found,2026-03-25
974691,tt15783698,not_found,2026-03-25
974453,tt8337290,found,2026-03-25
974573,tt20214908,found,2026-03-25
974576,tt20215234,found,2026-03-25
974635,tt20215968,found,2026-03-25
975120,tt16452664,not_found,2026-03-25
975773,tt20234774,found,2026-03-25
976893,tt27503384,found,2026-03-25
977013,tt3463938,found,2026-03-25
977223,tt18257464,found,2026-03-25
977506,tt20330434,found,2026-03-25
984324,tt27487473,found,2026-03-25
978796,tt21201300,not_found,2026-03-25
978870,tt20465746,not_found,2026-03-25
979163,tt16026684,not_found,2026-03-25
979924,tt14824590,found,2026-03-25
985617,tt24068064,found,2026-03-25
980078,tt19623240,found,2026-03-25
980489,tt4495098,found,2026-03-25
982271,tt20768712,found,2026-03-25
982843,tt29927663,not_found,2026-03-25
986070,tt20916568,found,2026-03-25
986280,tt21027780,found,2026-03-25
987490,tt7038762,found,2026-03-25
987686,tt21051906,found,2026-03-25
995133,tt22667880,found,2026-03-25
988078,tt21245882,not_found,2026-03-25
989596,tt19894774,not_found,2026-03-25
989662,tt21097228,found,2026-03-25
