id,imdb_id,status,streaming_dates,fetched_at
76600,tt1630029,error,,2026-03-24
83533,tt1757678,error,,2026-03-25
677638,tt10474606,error,,2026-03-26
706972,tt10342228,error,,2026-03-27
245842,tt2328678,error,,2026-03-28
280180,tt3083016,error,,2026-03-29
294793,tt3706352,error,,2026-03-30
1102493,tt27196021,error,,2026-03-31
682507,tt9411972,error,,2026-04-01
299054,tt3291150,error,,2026-04-02
335795,tt1447981,error,,2026-04-03
337401,tt4566758,error,,2026-04-04
1106289,tt30445556,error,,2026-04-05
1106739,tt27403986,error,,2026-04-06
